Method,Clean F1,Poisoned F1,Drop
ERM,0.0,0.0,0.0
DANN,0.361996825854855,0.361996825854855,0.0
